{"cameraMode":{"drawMode":0,"name":"Shaded","section":"Shading Mode"},"sceneLighting":false,"audioPlay":false,"sceneViewState":{"showFog":true,"showMaterialUpdate":true,"showSkybox":false,"showFlares":true,"showImageEffects":true,"showParticleSystems":true},"in2DMode":false,"pivot":{"x":-0.004400189965963364,"y":-0.0011411532759666443,"z":-0.00781562551856041},"rotation":{"x":-0.016795402392745019,"y":0.04739050939679146,"z":-0.0007305365288630128,"w":-0.9987619519233704},"size":0.03907538205385208,"orthographic":false}