{"cameraMode":{"drawMode":0,"name":"Shaded","section":"Shading Mode"},"sceneLighting":true,"audioPlay":false,"sceneViewState":{"showFog":true,"showMaterialUpdate":true,"showSkybox":true,"showFlares":true,"showImageEffects":true,"showParticleSystems":true},"in2DMode":false,"pivot":{"x":309.75103759765627,"y":-54.15293884277344,"z":670.948974609375},"rotation":{"x":-0.1514211893081665,"y":0.3867790699005127,"z":-0.06444374471902847,"w":-0.9073995351791382},"size":111.70092010498047,"orthographic":false}