{"cameraMode":{"drawMode":0,"name":"Shaded","section":"Shading Mode"},"sceneLighting":true,"audioPlay":false,"sceneViewState":{"showFog":true,"showMaterialUpdate":true,"showSkybox":true,"showFlares":true,"showImageEffects":true,"showParticleSystems":true},"in2DMode":false,"pivot":{"x":499.7874755859375,"y":-0.6407272815704346,"z":501.9610900878906},"rotation":{"x":-0.31122714281082156,"y":0.10043445974588394,"z":-0.03300538659095764,"w":-0.9444664716720581},"size":3.785845994949341,"orthographic":false}